username,occurrence,operation,status
admin,1625364501,create type animal 4 name age height weight,success
admin,1625364501,inherit type human animal alias occupation,success
admin,1625364501,create record human 1 MarkWebbler 27 178 81 Shadow engineer,success
admin,1625364501,create record human 2 MarkWebbler 27 178 81 Shadow engineer,success
admin,1625364501,create record human 3 MarkWebbler 27 178 81 Shadow engineer,success
admin,1625364501,create record human 4 MarkWebbler 27 178 81 Shadow engineer,success
admin,1625364501,create record human 5 MarkWebbler 27 178 81 Shadow engineer,success
admin,1625364501,create record human 6 MarkWebbler 27 178 81 Shadow engineer,success
admin,1625364501,create record human 7 MarkWebbler 27 178 81 Shadow engineer,success
admin,1625364501,create record human 8 MarkWebbler 27 178 81 Shadow engineer,success
admin,1625364501,create record human 9 MarkWebbler 27 178 81 Shadow engineer,success
admin,1625364501,create record human 10 MarkWebbler 27 178 81 Shadow engineer,success
admin,1625364501,create record human 11 MarkWebbler 27 178 81 Shadow engineer,success
admin,1625364501,create record human 12 MarkWebbler 27 178 81 Shadow engineer,success
admin,1625364501,create record human 13 MarkWebbler 27 178 81 Shadow engineer,success
admin,1625364501,create record human 14 MarkWebbler 27 178 81 Shadow engineer,success
admin,1625364501,create record human 15 MarkWebbler 27 178 81 Shadow engineer,success
admin,1625364501,create record human 16 MarkWebbler 27 178 81 Shadow engineer,success
admin,1625364501,create record human 17 MarkWebbler 27 178 81 Shadow engineer,success
admin,1625364501,create record human 18 MarkWebbler 27 178 81 Shadow engineer,success
admin,1625364501,create record human 19 MarkWebbler 27 178 81 Shadow engineer,success
admin,1625364501,create record human 20 MarkWebbler 27 178 81 Shadow engineer,success
admin,1625364501,create record human 21 MarkWebbler 27 178 81 Shadow engineer,success
admin,1625364501,create record human 22 MarkWebbler 27 178 81 Shadow engineer,success
admin,1625364501,create record human 23 MarkWebbler 27 178 81 Shadow engineer,success
admin,1625364501,create record human 24 MarkWebbler 27 178 81 Shadow engineer,success
admin,1625364501,create record human 25 MarkWebbler 27 178 81 Shadow engineer,success
admin,1625364501,create record human 26 MarkWebbler 27 178 81 Shadow engineer,success
admin,1625364501,create record human 27 MarkWebbler 27 178 81 Shadow engineer,success
admin,1625364501,create record human 28 MarkWebbler 27 178 81 Shadow engineer,success
admin,1625364501,create record human 29 MarkWebbler 27 178 81 Shadow engineer,success
admin,1625364501,create record human 30 MarkWebbler 27 178 81 Shadow engineer,success
admin,1625364501,create record human 31 MarkWebbler 27 178 81 Shadow engineer,success
admin,1625364501,create record human 32 MarkWebbler 27 178 81 Shadow engineer,success
admin,1625364501,create record human 33 MarkWebbler 27 178 81 Shadow engineer,success
admin,1625364501,create record human 34 MarkWebbler 27 178 81 Shadow engineer,success
admin,1625364501,create record human 35 MarkWebbler 27 178 81 Shadow engineer,success
admin,1625364501,create record human 36 MarkWebbler 27 178 81 Shadow engineer,success
admin,1625364501,create record human 37 MarkWebbler 27 178 81 Shadow engineer,success
admin,1625364501,create record human 38 MarkWebbler 27 178 81 Shadow engineer,success
admin,1625364501,create record human 39 MarkWebbler 27 178 81 Shadow engineer,success
admin,1625364501,create record human 40 MarkWebbler 27 178 81 Shadow engineer,success
admin,1625364501,create record human 41 MarkWebbler 27 178 81 Shadow engineer,success
admin,1625364501,create record human 42 MarkWebbler 27 178 81 Shadow engineer,success
admin,1625364501,create record human 43 MarkWebbler 27 178 81 Shadow engineer,success
admin,1625364501,create record human 44 MarkWebbler 27 178 81 Shadow engineer,success
admin,1625364501,create record human 45 MarkWebbler 27 178 81 Shadow engineer,success
admin,1625364501,create record human 46 MarkWebbler 27 178 81 Shadow engineer,success
admin,1625364501,create record human 47 MarkWebbler 27 178 81 Shadow engineer,success
admin,1625364501,create record human 48 MarkWebbler 27 178 81 Shadow engineer,success
admin,1625364501,create record human 49 MarkWebbler 27 178 81 Shadow engineer,success
admin,1625364501,create record human 50 MarkWebbler 27 178 81 Shadow engineer,success
admin,1625364501,create record human 51 MarkWebbler 27 178 81 Shadow engineer,success
admin,1625364501,create record human 52 MarkWebbler 27 178 81 Shadow engineer,success
admin,1625364501,create record human 53 MarkWebbler 27 178 81 Shadow engineer,success
admin,1625364501,create record human 54 MarkWebbler 27 178 81 Shadow engineer,success
admin,1625364501,create record human 55 MarkWebbler 27 178 81 Shadow engineer,success
admin,1625364501,create record human 56 MarkWebbler 27 178 81 Shadow engineer,success
admin,1625364501,create record human 57 MarkWebbler 27 178 81 Shadow engineer,success
admin,1625364501,create record human 58 MarkWebbler 27 178 81 Shadow engineer,success
admin,1625364501,create record human 59 MarkWebbler 27 178 81 Shadow engineer,success
admin,1625364501,create record human 60 MarkWebbler 27 178 81 Shadow engineer,success
admin,1625364501,create record human 61 MarkWebbler 27 178 81 Shadow engineer,success
admin,1625364501,create record human 62 MarkWebbler 27 178 81 Shadow engineer,success
admin,1625364501,create record human 63 MarkWebbler 27 178 81 Shadow engineer,success
admin,1625364501,create record human 64 MarkWebbler 27 178 81 Shadow engineer,success
admin,1625364501,create record human 65 MarkWebbler 27 178 81 Shadow engineer,success
admin,1625364501,create record human 66 MarkWebbler 27 178 81 Shadow engineer,success
admin,1625364501,create record human 67 MarkWebbler 27 178 81 Shadow engineer,success
admin,1625364501,create record human 68 MarkWebbler 27 178 81 Shadow engineer,success
admin,1625364501,create record human 69 MarkWebbler 27 178 81 Shadow engineer,success
admin,1625364501,create record human 70 MarkWebbler 27 178 81 Shadow engineer,success
admin,1625364501,create record human 71 MarkWebbler 27 178 81 Shadow engineer,success
admin,1625364501,create record human 72 MarkWebbler 27 178 81 Shadow engineer,success
admin,1625364501,create record human 73 MarkWebbler 27 178 81 Shadow engineer,success
admin,1625364501,create record human 74 MarkWebbler 27 178 81 Shadow engineer,success
admin,1625364501,create record human 75 MarkWebbler 27 178 81 Shadow engineer,success
admin,1625364501,create record human 76 MarkWebbler 27 178 81 Shadow engineer,success
admin,1625364501,create record human 77 MarkWebbler 27 178 81 Shadow engineer,success
admin,1625364501,create record human 78 MarkWebbler 27 178 81 Shadow engineer,success
admin,1625364501,create record human 79 MarkWebbler 27 178 81 Shadow engineer,success
admin,1625364501,create record human 80 MarkWebbler 27 178 81 Shadow engineer,success
admin,1625364501,create record human 81 MarkWebbler 27 178 81 Shadow engineer,success
admin,1625364501,create record human 82 MarkWebbler 27 178 81 Shadow engineer,success
admin,1625364501,create record human 83 MarkWebbler 27 178 81 Shadow engineer,success
admin,1625364501,create record human 84 MarkWebbler 27 178 81 Shadow engineer,success
admin,1625364501,create record human 85 MarkWebbler 27 178 81 Shadow engineer,success
admin,1625364501,create record human 86 MarkWebbler 27 178 81 Shadow engineer,success
admin,1625364501,create record human 87 MarkWebbler 27 178 81 Shadow engineer,success
admin,1625364501,create record human 88 MarkWebbler 27 178 81 Shadow engineer,success
admin,1625364501,create record human 89 MarkWebbler 27 178 81 Shadow engineer,success
admin,1625364501,create record human 90 MarkWebbler 27 178 81 Shadow engineer,success
admin,1625364501,create record human 91 MarkWebbler 27 178 81 Shadow engineer,success
admin,1625364501,create record human 92 MarkWebbler 27 178 81 Shadow engineer,success
admin,1625364501,create record human 93 MarkWebbler 27 178 81 Shadow engineer,success
admin,1625364501,create record human 94 MarkWebbler 27 178 81 Shadow engineer,success
admin,1625364501,create record human 95 MarkWebbler 27 178 81 Shadow engineer,success
admin,1625364501,create record human 96 MarkWebbler 27 178 81 Shadow engineer,success
admin,1625364501,create record human 97 MarkWebbler 27 178 81 Shadow engineer,success
admin,1625364501,create record human 98 MarkWebbler 27 178 81 Shadow engineer,success
admin,1625364501,create record human 99 MarkWebbler 27 178 81 Shadow engineer,success
admin,1625364501,create record human 100 MarkWebbler 27 178 81 Shadow engineer,success
admin,1625364501,create record human 101 MarkWebbler 27 178 81 Shadow engineer,success
admin,1625364501,create record human 102 MarkWebbler 27 178 81 Shadow engineer,success
admin,1625364501,create record human 103 MarkWebbler 27 178 81 Shadow engineer,success
admin,1625364501,create record human 104 MarkWebbler 27 178 81 Shadow engineer,success
admin,1625364501,create record human 105 MarkWebbler 27 178 81 Shadow engineer,success
admin,1625364501,create record human 106 MarkWebbler 27 178 81 Shadow engineer,success
admin,1625364501,create record human 107 MarkWebbler 27 178 81 Shadow engineer,success
admin,1625364501,create record human 108 MarkWebbler 27 178 81 Shadow engineer,success
admin,1625364501,create record human 109 MarkWebbler 27 178 81 Shadow engineer,success
admin,1625364501,create record human 110 MarkWebbler 27 178 81 Shadow engineer,success
admin,1625364501,create record human 111 MarkWebbler 27 178 81 Shadow engineer,success
admin,1625364501,create record human 112 MarkWebbler 27 178 81 Shadow engineer,success
admin,1625364501,create record human 113 MarkWebbler 27 178 81 Shadow engineer,success
admin,1625364501,create record human 114 MarkWebbler 27 178 81 Shadow engineer,success
admin,1625364501,create record human 115 MarkWebbler 27 178 81 Shadow engineer,success
admin,1625364501,create record human 116 MarkWebbler 27 178 81 Shadow engineer,success
admin,1625364501,create record human 117 MarkWebbler 27 178 81 Shadow engineer,success
admin,1625364501,create record human 118 MarkWebbler 27 178 81 Shadow engineer,success
admin,1625364501,create record human 119 MarkWebbler 27 178 81 Shadow engineer,success
admin,1625364501,create record human 120 MarkWebbler 27 178 81 Shadow engineer,success
admin,1625364501,create record human 121 MarkWebbler 27 178 81 Shadow engineer,success
admin,1625364501,create record human 122 MarkWebbler 27 178 81 Shadow engineer,success
admin,1625364501,create record human 123 MarkWebbler 27 178 81 Shadow engineer,success
admin,1625364501,create record human 124 MarkWebbler 27 178 81 Shadow engineer,success
admin,1625364501,create record human 125 MarkWebbler 27 178 81 Shadow engineer,success
admin,1625364501,create record human 126 MarkWebbler 27 178 81 Shadow engineer,success
admin,1625364501,create record human 127 MarkWebbler 27 178 81 Shadow engineer,success
admin,1625364501,create record human 128 MarkWebbler 27 178 81 Shadow engineer,success
admin,1625364501,create record human 129 MarkWebbler 27 178 81 Shadow engineer,success
admin,1625364501,create record human 130 MarkWebbler 27 178 81 Shadow engineer,success
admin,1625364501,create record human 131 MarkWebbler 27 178 81 Shadow engineer,success
admin,1625364501,create record human 132 MarkWebbler 27 178 81 Shadow engineer,success
admin,1625364501,create record human 133 MarkWebbler 27 178 81 Shadow engineer,success
admin,1625364501,create record human 134 MarkWebbler 27 178 81 Shadow engineer,success
admin,1625364501,create record human 135 MarkWebbler 27 178 81 Shadow engineer,success
admin,1625364501,create record human 136 MarkWebbler 27 178 81 Shadow engineer,success
admin,1625364501,create record human 137 MarkWebbler 27 178 81 Shadow engineer,success
admin,1625364501,create record human 138 MarkWebbler 27 178 81 Shadow engineer,success
admin,1625364501,create record human 139 MarkWebbler 27 178 81 Shadow engineer,success
admin,1625364501,create record human 140 MarkWebbler 27 178 81 Shadow engineer,success
admin,1625364501,create record human 141 MarkWebbler 27 178 81 Shadow engineer,success
admin,1625364501,create record human 142 MarkWebbler 27 178 81 Shadow engineer,success
admin,1625364501,create record human 143 MarkWebbler 27 178 81 Shadow engineer,success
admin,1625364501,create record human 144 MarkWebbler 27 178 81 Shadow engineer,success
admin,1625364501,create record human 145 MarkWebbler 27 178 81 Shadow engineer,success
admin,1625364501,create record human 146 MarkWebbler 27 178 81 Shadow engineer,success
admin,1625364501,create record human 147 MarkWebbler 27 178 81 Shadow engineer,success
admin,1625364501,create record human 148 MarkWebbler 27 178 81 Shadow engineer,success
admin,1625364501,create record human 149 MarkWebbler 27 178 81 Shadow engineer,success
admin,1625364501,create record human 150 MarkWebbler 27 178 81 Shadow engineer,success
admin,1625364501,create record human 151 MarkWebbler 27 178 81 Shadow engineer,success
admin,1625364501,create record human 152 MarkWebbler 27 178 81 Shadow engineer,success
admin,1625364501,create record human 153 MarkWebbler 27 178 81 Shadow engineer,success
admin,1625364501,create record human 154 MarkWebbler 27 178 81 Shadow engineer,success
admin,1625364501,create record human 155 MarkWebbler 27 178 81 Shadow engineer,success
admin,1625364501,create record human 156 MarkWebbler 27 178 81 Shadow engineer,success
admin,1625364501,create record human 157 MarkWebbler 27 178 81 Shadow engineer,success
admin,1625364501,create record human 158 MarkWebbler 27 178 81 Shadow engineer,success
admin,1625364501,create record human 159 MarkWebbler 27 178 81 Shadow engineer,success
admin,1625364501,create record human 160 MarkWebbler 27 178 81 Shadow engineer,success
admin,1625364501,create record human 161 MarkWebbler 27 178 81 Shadow engineer,success
admin,1625364501,create record human 162 MarkWebbler 27 178 81 Shadow engineer,success
admin,1625364501,create record human 163 MarkWebbler 27 178 81 Shadow engineer,success
admin,1625364501,create record human 164 MarkWebbler 27 178 81 Shadow engineer,success
admin,1625364501,create record human 165 MarkWebbler 27 178 81 Shadow engineer,success
admin,1625364501,create record human 166 MarkWebbler 27 178 81 Shadow engineer,success
admin,1625364501,create record human 167 MarkWebbler 27 178 81 Shadow engineer,success
admin,1625364501,create record human 168 MarkWebbler 27 178 81 Shadow engineer,success
admin,1625364501,create record human 169 MarkWebbler 27 178 81 Shadow engineer,success
admin,1625364501,create record human 170 MarkWebbler 27 178 81 Shadow engineer,success
admin,1625364501,create record human 171 MarkWebbler 27 178 81 Shadow engineer,success
admin,1625364501,create record human 172 MarkWebbler 27 178 81 Shadow engineer,success
admin,1625364501,create record human 173 MarkWebbler 27 178 81 Shadow engineer,success
admin,1625364501,create record human 174 MarkWebbler 27 178 81 Shadow engineer,success
admin,1625364501,create record human 175 MarkWebbler 27 178 81 Shadow engineer,success
admin,1625364501,create record human 176 MarkWebbler 27 178 81 Shadow engineer,success
admin,1625364501,create record human 177 MarkWebbler 27 178 81 Shadow engineer,success
admin,1625364501,create record human 178 MarkWebbler 27 178 81 Shadow engineer,success
admin,1625364501,create record human 179 MarkWebbler 27 178 81 Shadow engineer,success
admin,1625364501,create record human 180 MarkWebbler 27 178 81 Shadow engineer,success
admin,1625364501,create record human 181 MarkWebbler 27 178 81 Shadow engineer,success
admin,1625364501,create record human 182 MarkWebbler 27 178 81 Shadow engineer,success
admin,1625364501,create record human 183 MarkWebbler 27 178 81 Shadow engineer,success
admin,1625364501,create record human 184 MarkWebbler 27 178 81 Shadow engineer,success
admin,1625364501,create record human 185 MarkWebbler 27 178 81 Shadow engineer,success
admin,1625364501,create record human 186 MarkWebbler 27 178 81 Shadow engineer,success
admin,1625364501,create record human 187 MarkWebbler 27 178 81 Shadow engineer,success
admin,1625364501,create record human 188 MarkWebbler 27 178 81 Shadow engineer,success
admin,1625364501,create record human 189 MarkWebbler 27 178 81 Shadow engineer,success
admin,1625364501,create record human 190 MarkWebbler 27 178 81 Shadow engineer,success
admin,1625364501,create record human 191 MarkWebbler 27 178 81 Shadow engineer,success
admin,1625364501,create record human 192 MarkWebbler 27 178 81 Shadow engineer,success
admin,1625364501,create record human 193 MarkWebbler 27 178 81 Shadow engineer,success
admin,1625364501,create record human 194 MarkWebbler 27 178 81 Shadow engineer,success
admin,1625364501,create record human 195 MarkWebbler 27 178 81 Shadow engineer,success
admin,1625364501,create record human 196 MarkWebbler 27 178 81 Shadow engineer,success
admin,1625364501,create record human 197 MarkWebbler 27 178 81 Shadow engineer,success
admin,1625364501,create record human 198 MarkWebbler 27 178 81 Shadow engineer,success
admin,1625364501,create record human 199 MarkWebbler 27 178 81 Shadow engineer,success
admin,1625364501,create record human 200 MarkWebbler 27 178 81 Shadow engineer,success
admin,1625364501,delete record human 60,success
admin,1625364501,delete record human 61,success
admin,1625364501,delete record human 62,success
admin,1625364501,delete record human 63,success
admin,1625364501,delete record human 64,success
admin,1625364501,delete record human 65,success
admin,1625364501,delete record human 66,success
admin,1625364501,delete record human 67,success
admin,1625364501,delete record human 68,success
admin,1625364501,delete record human 69,success
admin,1625364501,delete record human 70,success
admin,1625364501,delete record human 71,success
admin,1625364501,delete record human 72,success
admin,1625364501,delete record human 73,success
admin,1625364501,delete record human 74,success
admin,1625364501,delete record human 75,success
admin,1625364501,delete record human 76,success
admin,1625364501,delete record human 77,success
admin,1625364501,delete record human 78,success
admin,1625364501,delete record human 79,success
admin,1625364501,delete record human 80,success
admin,1625364501,delete record human 81,success
admin,1625364501,delete record human 82,success
admin,1625364501,delete record human 83,success
admin,1625364501,delete record human 84,success
admin,1625364501,delete record human 85,success
admin,1625364501,delete record human 86,success
admin,1625364501,delete record human 87,success
admin,1625364501,delete record human 88,success
admin,1625364501,delete record human 89,success
admin,1625364501,delete record human 90,success
admin,1625364501,delete record human 91,success
admin,1625364501,delete record human 92,success
admin,1625364501,delete record human 93,success
admin,1625364501,delete record human 94,success
admin,1625364501,delete record human 95,success
admin,1625364501,delete record human 96,success
admin,1625364501,delete record human 97,success
admin,1625364501,delete record human 98,success
admin,1625364501,delete record human 99,success
admin,1625364501,delete record human 100,success
admin,1625364501,delete record human 101,success
admin,1625364501,delete record human 102,success
admin,1625364501,delete record human 103,success
admin,1625364501,delete record human 104,success
admin,1625364501,delete record human 105,success
admin,1625364501,delete record human 106,success
admin,1625364501,delete record human 107,success
admin,1625364501,delete record human 108,success
admin,1625364501,delete record human 109,success
admin,1625364501,delete record human 110,success
admin,1625364501,delete record human 111,success
admin,1625364501,delete record human 112,success
admin,1625364501,delete record human 113,success
admin,1625364501,delete record human 114,success
admin,1625364501,delete record human 115,success
admin,1625364501,delete record human 116,success
admin,1625364501,delete record human 117,success
admin,1625364501,delete record human 118,success
admin,1625364501,delete record human 119,success
admin,1625364501,delete record human 120,success
admin,1625364501,create record human 68 MarkWebbler 27 178 81 Shadow engineer,success
admin,1625364501,create record human 69 MarkWebbler 27 178 81 Shadow engineer,success
admin,1625364501,create record human 70 MarkWebbler 27 178 81 Shadow engineer,success
admin,1625364501,create record human 71 MarkWebbler 27 178 81 Shadow engineer,success
username,occurrence,operation,status
admin,1625994476,create type animal 4 name age height weight,failure
admin,1625994476,inherit type human animal alias occupation,failure
admin,1625994476,create record human 3 MarkWebbler 27 178 81 Shadow engineer,failure
admin,1625994476,list record human,success
admin,1625994476,list record animal,failure
admin,1625994476,create type animal,failure
admin,1625994476,create record human 1 JaneBradley 24 171 61 Leaf doctor,failure
admin,1625994476,list record human,success
admin,1625994476,create record human 2 JonathanByn 20 190 88 Raw mechanic,failure
admin,1625994476,list record human,success
admin,1625994476,inherit type kitunian animal color fangCount,success
admin,1625994476,create record kitunian 5 MrsEvangeline 2 40 3 black 4,success
admin,1625994476,create record kitunian 8 MrEvangeline 1 32 2 black 2,success
admin,1625994476,create record kitunian 6 RopeHunter 2 38 4 blue 4,success
admin,1625994476,create record kitunian 1 Findik 1 20 1 yellow 0,success
admin,1625994476,create record kitunian 11 Meercat 3 43 4 blue 6,success
admin,1625994476,list record kitunian,success
admin,1625994476,filter record human age>21,success
admin,1625994476,update record human 2 JonathanByn 30 190 83 Raw mechanic,success
admin,1625994476,list type,success
admin,1625994476,search record kitunian 1,success
admin,1625994476,inherit type centifyren animal flameColor,success
admin,1625994476,create record centifyren 7 CFG7 2 100 4 golden,success
admin,1625994476,create record centifyren 3 CFB3 3 140 7 black,success
admin,1625994476,list record centifyren,success
admin,1625994476,delete record centifyren 7,success
admin,1625994476,list record centifyren,success
admin,1625994476,list type,success
admin,1625994476,delete type centifyren,success
admin,1625994476,list type,success
admin,1625994476,delete type centifyren,failure
admin,1625994476,delete record kitunian 9,failure
username,occurrence,operation,status
admin,1625994540,create type animal 4 name age height weight,success
admin,1625994540,inherit type human animal alias occupation,success
admin,1625994540,create record human 3 MarkWebbler 27 178 81 Shadow engineer,success
admin,1625994540,list record human,success
admin,1625994540,list record animal,failure
admin,1625994540,create type animal,failure
admin,1625994540,create record human 1 JaneBradley 24 171 61 Leaf doctor,success
admin,1625994540,list record human,success
admin,1625994540,create record human 2 JonathanByn 20 190 88 Raw mechanic,success
admin,1625994540,list record human,success
admin,1625994540,inherit type kitunian animal color fangCount,success
admin,1625994540,create record kitunian 5 MrsEvangeline 2 40 3 black 4,success
admin,1625994540,create record kitunian 8 MrEvangeline 1 32 2 black 2,success
admin,1625994540,create record kitunian 6 RopeHunter 2 38 4 blue 4,success
admin,1625994540,create record kitunian 1 Findik 1 20 1 yellow 0,success
admin,1625994540,create record kitunian 11 Meercat 3 43 4 blue 6,success
admin,1625994540,list record kitunian,success
admin,1625994540,filter record human age>21,success
admin,1625994540,update record human 2 JonathanByn 30 190 83 Raw mechanic,success
admin,1625994540,list type,success
admin,1625994540,search record kitunian 1,success
admin,1625994540,inherit type centifyren animal flameColor,success
admin,1625994540,create record centifyren 7 CFG7 2 100 4 golden,success
admin,1625994540,create record centifyren 3 CFB3 3 140 7 black,success
admin,1625994540,list record centifyren,success
admin,1625994540,delete record centifyren 7,success
admin,1625994540,list record centifyren,success
admin,1625994540,list type,success
admin,1625994540,delete type centifyren,success
admin,1625994540,list type,success
admin,1625994540,delete type centifyren,failure
admin,1625994540,delete record kitunian 9,failure
username,occurrence,operation,status
admin,1625994671,list type,success
admin,1625994671,create type plant 3 name age color,success
admin,1625994671,inherit type castely plant domestic,success
admin,1625994671,inherit type mircastely castely rootType,success
admin,1625994671,inherit type fybranite plant soilType,success
admin,1625994671,inherit type fybran fybranite barkColor,success
admin,1625994671,create type animal 4 name age height weight,failure
admin,1625994671,inherit type sentoru animal legCount,success
admin,1625994671,inherit type bosentoru sentoru hornDensity,success
admin,1625994671,list type,success
admin,1625994671,create record mircastely 1 mircast1 2 yellow yes liquid,success
admin,1625994671,create record mircastely 3 mircast3 3 green no liquid,success
admin,1625994671,create record mircastely 2 mircast2 2 yellow yes noliquid,success
admin,1625994671,create record castely 3 cast3 1 blue no,success
admin,1625994671,create record castely 5 cast5 3 blue yes,success
admin,1625994671,create record castely 4 cast4 2 brown no,success
admin,1625994671,create record fybranite 7 fybranit7 3 brown ironoxide,success
admin,1625994671,create record fybranite 6 fybranit6 1 brown swamp,success
admin,1625994671,create record fybranite 9 fybranit9 2 black sulphuric,success
admin,1625994671,create record fybran 11 fybran11 4 black sulphuric brown,success
admin,1625994671,create record fybran 13 fybran13 2 brown ironoxide brown,success
admin,1625994671,create record bosentoru 21 bosen21 4 500 1000 8 25,success
admin,1625994671,create record bosentoru 24 bosen24 7 900 14000 8 41,success
admin,1625994671,create record bosentoru 22 bosen22 3 400 900 6 16,success
admin,1625994671,create record bosentoru 23 bosen23 1 200 400 6 3,success
admin,1625994671,create record sentoru 25 sen25 2 300 750 6,success
admin,1625994671,create record sentoru 26 sen26 4 450 1150 8,success
admin,1625994671,list record bosentoru,success
